{"app":["/app-3d8a8c3ff77d20a7d915.js"],"component---src-pages-404-js":["/component---src-pages-404-js-b5ccc538021028b7aece.js"],"component---src-pages-about-js":["/component---src-pages-about-js-bbfc595653ed0761e6b7.js"],"component---src-pages-index-tsx":["/component---src-pages-index-tsx-527a2cc6ad1ecb73a9be.js"],"component---src-pages-page-2-tsx":["/component---src-pages-page-2-tsx-7ee0efe3a449fc9bdee7.js"],"component---src-templates-blog-index-js":["/component---src-templates-blog-index-js-ae10908ddbfbf3cd9870.js"],"component---src-templates-blog-post-js":["/component---src-templates-blog-post-js-43d57df088f5e40f44f0.js"]}