{"errors":[],"warnings":[],"namedChunkGroups":{"app":{"chunks":[12,11,4],"assets":["webpack-runtime-d087e6c5c6de93ebf3ff.js","webpack-runtime-d087e6c5c6de93ebf3ff.js.map","framework-59a9ef51c55d9b62f7de.js","framework-59a9ef51c55d9b62f7de.js.map","app-3d8a8c3ff77d20a7d915.js","app-3d8a8c3ff77d20a7d915.js.map"],"children":{},"childAssets":{}},"component---src-pages-404-js":{"chunks":[2,0,1,5],"assets":["styles.fab0349f8a0312962357.css","styles-503b3015a8b38c118cb7.js","styles-503b3015a8b38c118cb7.js.map","bf21a1c9acc92e0efe6d13b1b944f94e29e9ba69-f174e012f839f3a83ddb.js","bf21a1c9acc92e0efe6d13b1b944f94e29e9ba69-f174e012f839f3a83ddb.js.map","cb82c4640ec15dcf070ff5479784007eb77e9415-98030f17923698eb4a65.js","cb82c4640ec15dcf070ff5479784007eb77e9415-98030f17923698eb4a65.js.map","component---src-pages-404-js-b5ccc538021028b7aece.js","component---src-pages-404-js-b5ccc538021028b7aece.js.map"],"children":{},"childAssets":{}},"component---src-pages-about-js":{"chunks":[6],"assets":["component---src-pages-about-js-bbfc595653ed0761e6b7.js","component---src-pages-about-js-bbfc595653ed0761e6b7.js.map"],"children":{},"childAssets":{}},"component---src-pages-index-tsx":{"chunks":[2,0,1,3,7],"assets":["styles.fab0349f8a0312962357.css","styles-503b3015a8b38c118cb7.js","styles-503b3015a8b38c118cb7.js.map","bf21a1c9acc92e0efe6d13b1b944f94e29e9ba69-f174e012f839f3a83ddb.js","bf21a1c9acc92e0efe6d13b1b944f94e29e9ba69-f174e012f839f3a83ddb.js.map","cb82c4640ec15dcf070ff5479784007eb77e9415-98030f17923698eb4a65.js","cb82c4640ec15dcf070ff5479784007eb77e9415-98030f17923698eb4a65.js.map","51bcaf3b1e22cf9acdaadcc8fb23b102500bcbc9-573821dc6d18a8257597.js","51bcaf3b1e22cf9acdaadcc8fb23b102500bcbc9-573821dc6d18a8257597.js.map","component---src-pages-index-tsx-527a2cc6ad1ecb73a9be.js","component---src-pages-index-tsx-527a2cc6ad1ecb73a9be.js.map"],"children":{},"childAssets":{}},"component---src-pages-page-2-tsx":{"chunks":[0,8],"assets":["bf21a1c9acc92e0efe6d13b1b944f94e29e9ba69-f174e012f839f3a83ddb.js","bf21a1c9acc92e0efe6d13b1b944f94e29e9ba69-f174e012f839f3a83ddb.js.map","component---src-pages-page-2-tsx-7ee0efe3a449fc9bdee7.js","component---src-pages-page-2-tsx-7ee0efe3a449fc9bdee7.js.map"],"children":{},"childAssets":{}},"component---src-templates-blog-index-js":{"chunks":[2,0,1,3,9],"assets":["styles.fab0349f8a0312962357.css","styles-503b3015a8b38c118cb7.js","styles-503b3015a8b38c118cb7.js.map","bf21a1c9acc92e0efe6d13b1b944f94e29e9ba69-f174e012f839f3a83ddb.js","bf21a1c9acc92e0efe6d13b1b944f94e29e9ba69-f174e012f839f3a83ddb.js.map","cb82c4640ec15dcf070ff5479784007eb77e9415-98030f17923698eb4a65.js","cb82c4640ec15dcf070ff5479784007eb77e9415-98030f17923698eb4a65.js.map","51bcaf3b1e22cf9acdaadcc8fb23b102500bcbc9-573821dc6d18a8257597.js","51bcaf3b1e22cf9acdaadcc8fb23b102500bcbc9-573821dc6d18a8257597.js.map","component---src-templates-blog-index-js-ae10908ddbfbf3cd9870.js","component---src-templates-blog-index-js-ae10908ddbfbf3cd9870.js.map"],"children":{},"childAssets":{}},"component---src-templates-blog-post-js":{"chunks":[2,0,1,3,10],"assets":["styles.fab0349f8a0312962357.css","styles-503b3015a8b38c118cb7.js","styles-503b3015a8b38c118cb7.js.map","bf21a1c9acc92e0efe6d13b1b944f94e29e9ba69-f174e012f839f3a83ddb.js","bf21a1c9acc92e0efe6d13b1b944f94e29e9ba69-f174e012f839f3a83ddb.js.map","cb82c4640ec15dcf070ff5479784007eb77e9415-98030f17923698eb4a65.js","cb82c4640ec15dcf070ff5479784007eb77e9415-98030f17923698eb4a65.js.map","51bcaf3b1e22cf9acdaadcc8fb23b102500bcbc9-573821dc6d18a8257597.js","51bcaf3b1e22cf9acdaadcc8fb23b102500bcbc9-573821dc6d18a8257597.js.map","component---src-templates-blog-post-js-43d57df088f5e40f44f0.js","component---src-templates-blog-post-js-43d57df088f5e40f44f0.js.map"],"children":{},"childAssets":{}}},"assetsByChunkName":{"app":["webpack-runtime-d087e6c5c6de93ebf3ff.js","framework-59a9ef51c55d9b62f7de.js","app-3d8a8c3ff77d20a7d915.js"],"component---src-pages-404-js":["styles.fab0349f8a0312962357.css","styles-503b3015a8b38c118cb7.js","bf21a1c9acc92e0efe6d13b1b944f94e29e9ba69-f174e012f839f3a83ddb.js","cb82c4640ec15dcf070ff5479784007eb77e9415-98030f17923698eb4a65.js","component---src-pages-404-js-b5ccc538021028b7aece.js"],"component---src-pages-about-js":["component---src-pages-about-js-bbfc595653ed0761e6b7.js"],"component---src-pages-index-tsx":["styles.fab0349f8a0312962357.css","styles-503b3015a8b38c118cb7.js","bf21a1c9acc92e0efe6d13b1b944f94e29e9ba69-f174e012f839f3a83ddb.js","cb82c4640ec15dcf070ff5479784007eb77e9415-98030f17923698eb4a65.js","51bcaf3b1e22cf9acdaadcc8fb23b102500bcbc9-573821dc6d18a8257597.js","component---src-pages-index-tsx-527a2cc6ad1ecb73a9be.js"],"component---src-pages-page-2-tsx":["bf21a1c9acc92e0efe6d13b1b944f94e29e9ba69-f174e012f839f3a83ddb.js","component---src-pages-page-2-tsx-7ee0efe3a449fc9bdee7.js"],"component---src-templates-blog-index-js":["styles.fab0349f8a0312962357.css","styles-503b3015a8b38c118cb7.js","bf21a1c9acc92e0efe6d13b1b944f94e29e9ba69-f174e012f839f3a83ddb.js","cb82c4640ec15dcf070ff5479784007eb77e9415-98030f17923698eb4a65.js","51bcaf3b1e22cf9acdaadcc8fb23b102500bcbc9-573821dc6d18a8257597.js","component---src-templates-blog-index-js-ae10908ddbfbf3cd9870.js"],"component---src-templates-blog-post-js":["styles.fab0349f8a0312962357.css","styles-503b3015a8b38c118cb7.js","bf21a1c9acc92e0efe6d13b1b944f94e29e9ba69-f174e012f839f3a83ddb.js","cb82c4640ec15dcf070ff5479784007eb77e9415-98030f17923698eb4a65.js","51bcaf3b1e22cf9acdaadcc8fb23b102500bcbc9-573821dc6d18a8257597.js","component---src-templates-blog-post-js-43d57df088f5e40f44f0.js"]}}